{"width": 5998, "height": 4998, "transform": [10.0, 0.0, 455182.68225532264, 0.0, -10.0, 5002763.407367538, 0.0, 0.0, 1.0], "bytes": 9075442041, "bounds": {"left": 455182.68225532264, "bottom": 4952783.407367538, "right": 515162.68225532264, "top": 5002763.407367538}}